entropy,size,null_bytes,label
5.484120059248481,41204,13930,1
5.484562764807163,41217,13936,1
5.525278046700745,40703,13467,0
5.497254186399445,41217,13843,0
